id,name
BH102P24,Program BH102P24
BP231P23,Program BP231P23
BP311P23,Program BP311P23
BP199P7,Program BP199P7
BP229PHYS,Program BP229PHYS
BP083P23,Program BP083P23
BH116P23,Program BH116P23
BP154P23,Program BP154P23
BH117P23,Program BH117P23
BP229P7,Program BP229P7
BP350,Program BP350
BP305ASDD,Program BP305ASDD
BH119,Program BH119
BP083,Program BP083
BP094,Program BP094
BP096,Program BP096
BP232,Program BP232
BP162,Program BP162
BP083P20,Program BP083P20
BH120BIT,Program BH120BIT
BP162O,Program BP162O
BP096P25,Program BP096P25
BP162VH23,Program BP162VH23
BH120CY,Program BH120CY
BH101CS,Program BH101CS
BP094P23,Program BP094P23
BP348,Program BP348
BP349,Program BP349
BP162P23,Program BP162P23
BP340,Program BP340
BP355,Program BP355
BP347,Program BP347
BP356,Program BP356
BP340P23,Program BP340P23
