id,username,bio,created_at
1,morrisphilip541,NULL,NULL
2,yowen422,NULL,NULL
3,hcrawford262,NULL,NULL
4,hayesbryan525,Money go thus management meet series.,NULL
5,christina86459,Southern beyond represent line item fund these hospital.,NULL
6,trevorwood196,Approach perform true about professor society course government.,NULL
7,michaelgallegos306,Box body spring stock feeling.,NULL
8,rebeccacrane286,NULL,NULL
9,kristy92181,Dream age information key party.,NULL
10,joshua78710,Three computer side art.,NULL
11,xgeorge919,Particular knowledge tough build PM late same hair.,NULL
12,brett80651,Base month nation and above deep.,NULL
13,michellesmith321,Official father practice when somebody.,NULL
14,christina91758,Road nothing remain person.,NULL
15,fletchermichael491,NULL,NULL
16,dingram913,Ahead car remember need through student worker.,NULL
17,brownjamie748,Evening across speak usually.,NULL
18,vdean452,NULL,NULL
19,lindseybird873,Unit thousand book religious big.,NULL
20,taylor30576,NULL,NULL
21,lloydangela849,Bit run future force marriage.,NULL
22,scott95286,Page less news media capital toward.,NULL
23,lsimpson421,NULL,NULL
24,wardjerry562,NULL,NULL
25,kle697,Effort miss admit claim she seek.,NULL
26,durhamtaylor701,Likely reveal area vote check.,NULL
27,wilsonjeffrey284,Ten same small than of one clear.,NULL
28,zacharyclark915,NULL,NULL
29,xmitchell340,NULL,NULL
30,patrick96754,Treat charge involve relate.,NULL
31,saunderstyler296,North identify field easy deep language leg.,NULL
32,nicolebowman629,Book if expect human despite.,NULL
33,vanessaruiz741,NULL,NULL
34,zbutler133,Environment up international management.,NULL
35,arobinson382,NULL,NULL
36,elizabethmiller620,NULL,NULL
37,shannonjohnson230,NULL,NULL
38,troy72953,Stay recently it campaign.,NULL
39,burnsjustin375,NULL,NULL
40,orozcomichael839,Forward accept way leg.,NULL
41,ostewart180,Trial hard hear option American need.,NULL
42,kathleen92652,NULL,NULL
43,padillabrian203,Respond cost happen against ability.,NULL
44,michael83917,Bring recent perhaps response important them.,NULL
45,elizabethbailey448,Able last place just hundred method clear.,NULL
46,wagnerlisa562,Door forget hear concern probably.,NULL
47,christopherpope770,Any close idea issue level situation.,NULL
48,cflores265,NULL,NULL
49,jamessims822,NULL,NULL
50,julie44117,Activity his behavior effort watch wear movie.,NULL
